timestamp,open,high,low,close,volume
1707811200,5.934999942779541,5.947999954223633,5.882999897003174,5.882999897003174,23449844
1707897600,5.888000011444092,5.951000213623047,5.885000228881836,5.914000034332275,18825264
1707984000,5.909999847412109,5.938000202178955,5.876999855041504,5.925000190734863,20577346
1708070400,5.932000160217285,5.945000171661377,5.843999862670898,5.874000072479248,25262486
1708329600,5.883999824523926,5.938000202178955,5.861000061035156,5.861000061035156,17975323
1708416000,5.879000186920166,5.934000015258789,5.853000164031982,5.9029998779296875,14798260
1708502400,5.9079999923706055,5.9679999351501465,5.883999824523926,5.956999778747559,17776620
1708588800,5.998000144958496,5.998000144958496,5.923999786376953,5.933000087738037,22183208
1708675200,5.927999973297119,5.9720001220703125,5.913000106811523,5.958000183105469,18553970
1708934400,5.97599983215332,5.97599983215332,5.875999927520752,5.875999927520752,21282741
1709020800,5.855999946594238,5.941999912261963,5.8420000076293945,5.940000057220459,26695527
1709107200,5.958000183105469,5.9629998207092285,5.8420000076293945,5.853000164031982,23089450
1709193600,5.870999813079834,5.922999858856201,5.861999988555908,5.882999897003174,34365424
1709280000,5.906000137329102,5.942999839782715,5.861000061035156,5.892000198364258,20367195
1709539200,5.938000202178955,5.938000202178955,5.870999813079834,5.9029998779296875,16167570
1709625600,5.925000190734863,6.041999816894531,5.901000022888184,6.038000106811523,31114754
1709712000,6.048999786376953,6.139999866485596,6.0329999923706055,6.10099983215332,29603690
1709798400,6.0920000076293945,6.183000087738037,6.083000183105469,6.138999938964844,22338378
1709884800,6.139999866485596,6.176000118255615,6.090000152587891,6.130000114440918,17626461
1710144000,6.179999828338623,6.216000080108643,6.131999969482422,6.156000137329102,22510530
1710230400,6.188000202178955,6.204999923706055,6.140999794006348,6.151000022888184,21977148
1710316800,6.158999919891357,6.248000144958496,6.146999835968018,6.209000110626221,26804930
1710403200,6.204999923706055,6.230000019073486,6.11299991607666,6.129000186920166,27233291
1710489600,6.139999866485596,6.195000171661377,6.119999885559082,6.13100004196167,57524208
1710748800,6.130000114440918,6.1570000648498535,6.043000221252441,6.073999881744385,18429360
1710835200,6.051000118255615,6.083000183105469,5.985000133514404,6.076000213623047,20227720
1710921600,6.090000152587891,6.133999824523926,6.070000171661377,6.103000164031982,16323582
1711008000,6.1519999504089355,6.166999816894531,6.065999984741211,6.070000171661377,22184930
1711094400,6.050000190734863,6.125,5.953000068664551,6.080999851226807,28638222
1711353600,6.065000057220459,6.0970001220703125,6.0370001792907715,6.066999912261963,25304367
1711440000,6.110000133514404,6.170000076293945,6.080999851226807,6.084000110626221,24348732
1711526400,6.079999923706055,6.168000221252441,6.053999900817871,6.168000221252441,25257327
1711612800,6.191999912261963,6.196000099182129,6.111999988555908,6.11899995803833,22307374
1712041200,6.105999946594238,6.109000205993652,5.98799991607666,5.98799991607666,33623982
1712127600,6.010000228881836,6.01800012588501,5.960999965667725,5.989999771118164,23339375
1712214000,6.000999927520752,6.074999809265137,5.99399995803833,6.046000003814697,23081776
1712300400,6.0,6.01800012588501,5.885000228881836,5.9070000648498535,34710415
1712559600,5.909999847412109,5.949999809265137,5.888000011444092,5.89900016784668,17522085
1712646000,5.889999866485596,5.928999900817871,5.795000076293945,5.824999809265137,32985032
1712732400,5.821000099182129,5.8379998207092285,5.664000034332275,5.698999881744385,50893347
1712818800,5.679999828338623,5.781000137329102,5.664000034332275,5.706999778747559,31693950
1712905200,5.764999866485596,5.916999816894531,5.75600004196167,5.873000144958496,35540931
1713164400,5.894000053405762,5.914999961853027,5.8480000495910645,5.8480000495910645,21320030
1713250800,5.800000190734863,5.873000144958496,5.775000095367432,5.794000148773193,23133261
1713337200,5.755000114440918,5.843999862670898,5.74399995803833,5.785999774932861,20437525
1713423600,5.808000087738037,5.885000228881836,5.797999858856201,5.872000217437744,25803935
1713510000,5.849999904632568,5.959000110626221,5.8379998207092285,5.954999923706055,29014874
1713769200,6.006999969482422,6.050000190734863,5.9070000648498535,6.048999786376953,28868421
1713855600,6.031000137329102,6.138999938964844,6.03000020980835,6.119999885559082,38175354
1713942000,6.13700008392334,6.150000095367432,6.052000045776367,6.0879998207092285,26634716
1714028400,6.111999988555908,6.111999988555908,5.9770002365112305,6.059999942779541,31086812
1714114800,6.107999801635742,6.136000156402588,6.060999870300293,6.130000114440918,28874887
1714374000,6.150000095367432,6.2220001220703125,6.139999866485596,6.199999809265137,35763087
1714460400,6.215000152587891,6.258999824523926,6.172999858856201,6.181000232696533,28035264
1714633200,6.199999809265137,6.296999931335449,6.197000026702881,6.242000102996826,33052369
1714719600,6.281000137329102,6.327000141143799,6.228000164031982,6.25,22061520
1714978800,6.2729997634887695,6.3480000495910645,6.256999969482422,6.324999809265137,22501932
1715065200,6.349999904632568,6.386000156402588,6.306000232696533,6.383999824523926,23347480
1715151600,6.388999938964844,6.460000038146973,6.38100004196167,6.446000099182129,26893997
1715238000,6.466000080108643,6.507999897003174,6.426000118255615,6.507999897003174,21769228
1715324400,6.565000057220459,6.760000228881836,6.519999980926514,6.755000114440918,93315456
1715583600,6.73799991607666,6.760000228881836,6.684999942779541,6.751999855041504,31291038
1715670000,6.739999771118164,6.7779998779296875,6.706999778747559,6.714000225067139,26755832
1715756400,6.7179999351501465,6.85699987411499,6.7179999351501465,6.8420000076293945,34473863
1715842800,6.8420000076293945,6.868000030517578,6.807000160217285,6.818999767303467,20333115
1715929200,6.814000129699707,6.840000152587891,6.751999855041504,6.800000190734863,27277305
1716188400,6.800000190734863,6.834000110626221,6.741000175476074,6.761000156402588,16661901
1716274800,6.7230000495910645,6.754000186920166,6.644000053405762,6.735000133514404,25287621
1716361200,6.698999881744385,6.701000213623047,6.611999988555908,6.673999786376953,26631523
1716447600,6.6620001792907715,6.666999816894531,6.556000232696533,6.605999946594238,29219407
1716534000,6.556000232696533,6.585999965667725,6.501999855041504,6.556000232696533,20965330
1716793200,6.550000190734863,6.660999774932861,6.534999847412109,6.660999774932861,14412460
1716879600,6.696000099182129,6.710000038146973,6.633999824523926,6.659999847412109,16074880
1716966000,6.611999988555908,6.639999866485596,6.561999797821045,6.570000171661377,20243478
1717052400,6.539999961853027,6.632999897003174,6.534999847412109,6.619999885559082,15178546
1717138800,6.625,6.656000137329102,6.579999923706055,6.656000137329102,33926053
1717398000,6.709000110626221,6.75,6.665999889373779,6.75,17292047
1717484400,6.75,6.800000190734863,6.7129998207092285,6.736000061035156,19606076
1717570800,6.760000228881836,6.888000011444092,6.760000228881836,6.813000202178955,36665760
1717657200,6.829999923706055,6.868000030517578,6.71999979019165,6.797999858856201,22269197
1717743600,6.880000114440918,6.880000114440918,6.6570000648498535,6.710000038146973,24813304
1718002800,6.635000228881836,6.684000015258789,6.610000133514404,6.678999900817871,17332817
1718089200,6.7170000076293945,6.738999843597412,6.505000114440918,6.567999839782715,22287205
1718175600,6.609000205993652,6.696000099182129,6.573999881744385,6.640999794006348,18850628
1718262000,6.616000175476074,6.64900016784668,6.550000190734863,6.553999900817871,19024237
1718348400,6.550000190734863,6.560999870300293,6.270999908447266,6.336999893188477,41216144
1718607600,6.380000114440918,6.381999969482422,6.254000186920166,6.318999767303467,18346758
1718694000,6.369999885559082,6.449999809265137,6.341000080108643,6.449999809265137,25130225
1718780400,6.465000152587891,6.4770002365112305,6.395999908447266,6.400000095367432,18578404
1718866800,6.401000022888184,6.52400016784668,6.394000053405762,6.488999843597412,21913335
1718953200,6.453000068664551,6.543000221252441,6.446000099182129,6.468999862670898,46746619
1719212400,6.478000164031982,6.546999931335449,6.4710001945495605,6.541999816894531,14557484
1719298800,6.541999816894531,6.6579999923706055,6.539000034332275,6.578000068664551,18451539
1719385200,6.610000133514404,6.61899995803833,6.4720001220703125,6.547999858856201,19244803
1719471600,6.579999923706055,6.613999843597412,6.466000080108643,6.497000217437744,22247348
1719558000,6.507999897003174,6.545000076293945,6.4710001945495605,6.49399995803833,21592680
1719817200,6.547999858856201,6.664999961853027,6.546999931335449,6.60699987411499,24178176
1719903600,6.561999797821045,6.60699987411499,6.519999980926514,6.585000038146973,24525172
1719990000,6.633999824523926,6.675000190734863,6.60699987411499,6.632999897003174,19618211
1720076400,6.6479997634887695,6.671000003814697,6.63700008392334,6.64900016784668,11530112
1720162800,6.684999942779541,6.7230000495910645,6.638999938964844,6.705999851226807,16432257
1720422000,6.715000152587891,6.75,6.672999858856201,6.673999786376953,18761366
1720508400,6.664999961853027,6.684000015258789,6.626999855041504,6.64900016784668,13435518
1720594800,6.651000022888184,6.734000205993652,6.644999980926514,6.73199987411499,14081614
1720681200,6.75,6.84499979019165,6.710999965667725,6.789000034332275,23112478
1720767600,6.843999862670898,6.929999828338623,6.804999828338623,6.885000228881836,30126947
1721026800,6.885000228881836,6.885000228881836,6.776000022888184,6.790999889373779,21088630
1721113200,6.754000186920166,6.776000022888184,6.679999828338623,6.741000175476074,19168798
1721199600,6.703999996185303,6.783999919891357,6.697000026702881,6.76800012588501,15839019
1721286000,6.800000190734863,6.8429999351501465,6.775000095367432,6.800000190734863,25835561
1721372400,6.7729997634887695,6.800000190734863,6.7170000076293945,6.745999813079834,30984054
1721631600,6.60099983215332,6.650000095367432,6.5269999504089355,6.564000129699707,32235918
1721718000,6.559999942779541,6.631999969482422,6.5370001792907715,6.585000038146973,14547871
1721804400,6.5370001792907715,6.639999866485596,6.5269999504089355,6.63100004196167,20600040
1721890800,6.5879998207092285,6.7129998207092285,6.584000110626221,6.659999847412109,23723286
1721977200,6.659999847412109,6.730000019073486,6.620999813079834,6.670000076293945,20658819
1722236400,6.710999965667725,6.72599983215332,6.64300012588501,6.650000095367432,14461490
1722322800,6.679999828338623,6.703000068664551,6.571000099182129,6.630000114440918,18509932
1722409200,6.616000175476074,6.646999835968018,6.573999881744385,6.593999862670898,20498359
1722495600,6.570000171661377,6.580999851226807,6.491000175476074,6.51800012588501,21873117
1722582000,6.363999843597412,6.5370001792907715,6.311999797821045,6.486000061035156,35273142
1722841200,6.336999893188477,6.4120001792907715,6.250999927520752,6.296999931335449,42008715
1722927600,6.2789998054504395,6.34499979019165,6.235000133514404,6.297999858856201,24016989
1723014000,6.333000183105469,6.439000129699707,6.295000076293945,6.429999828338623,27975422
1723100400,6.429999828338623,6.484000205993652,6.383999824523926,6.427999973297119,17446539
1723186800,6.416999816894531,6.459000110626221,6.374000072479248,6.408999919891357,12271630
1723446000,6.418000221252441,6.46999979019165,6.388000011444092,6.438000202178955,13211808
1723532400,6.486000061035156,6.517000198364258,6.466000080108643,6.505000114440918,16521270
1723618800,6.534999847412109,6.546999931335449,6.4730000495910645,6.488999843597412,11873271
1723791600,6.551000118255615,6.570000171661377,6.507999897003174,6.570000171661377,19628979
1724050800,6.570000171661377,6.619999885559082,6.565999984741211,6.591000080108643,10184387
1724137200,6.610000133514404,6.619999885559082,6.547999858856201,6.578999996185303,10480634
1724223600,6.584000110626221,6.639999866485596,6.584000110626221,6.603000164031982,11333342
1724310000,6.593999862670898,6.645999908447266,6.593999862670898,6.60699987411499,11650943
1724396400,6.631999969482422,6.724999904632568,6.626999855041504,6.714000225067139,16741415
1724655600,6.699999809265137,6.735000133514404,6.698999881744385,6.709000110626221,9577759
1724742000,6.74399995803833,6.815999984741211,6.736999988555908,6.770999908447266,18776715
1724828400,6.764999866485596,6.829999923706055,6.760000228881836,6.829999923706055,16376706
1724914800,6.820000171661377,6.863999843597412,6.820000171661377,6.8460001945495605,17132223
1725001200,6.85699987411499,6.89900016784668,6.85699987411499,6.863999843597412,26577959
1725260400,6.863999843597412,6.894999980926514,6.849999904632568,6.888000011444092,12820457
1725346800,6.900000095367432,6.927000045776367,6.882999897003174,6.89300012588501,18241803
1725433200,6.872000217437744,6.914999961853027,6.813000202178955,6.881999969482422,21423781
1725519600,6.881999969482422,7.01200008392334,6.875,6.994999885559082,31880328
1725606000,6.989999771118164,7.084000110626221,6.980000019073486,7.051000118255615,28323495
1725865200,7.039999961853027,7.073999881744385,6.993000030517578,7.053999900817871,20140138
1725951600,7.041999816894531,7.132999897003174,7.040999889373779,7.081999778747559,25521350
1726038000,7.063000202178955,7.090000152587891,6.980999946594238,7.053999900817871,21508986
1726124400,7.074999809265137,7.0879998207092285,7.03000020980835,7.081999778747559,21067340
1726210800,7.099999904632568,7.138999938964844,7.081999778747559,7.118000030517578,20213151
1726470000,7.1020002365112305,7.146999835968018,7.09499979019165,7.131999969482422,14220708
1726556400,7.176000118255615,7.21999979019165,7.144999980926514,7.184000015258789,21181822
1726642800,7.189000129699707,7.198999881744385,7.085000038146973,7.093999862670898,21520417
1726729200,7.140999794006348,7.146999835968018,6.935999870300293,6.9730000495910645,44011270
1726815600,6.949999809265137,7.033999919891357,6.947000026702881,6.989999771118164,36198571
1727074800,6.991000175476074,7.0879998207092285,6.988999843597412,7.059999942779541,15856890
1727161200,7.066999912261963,7.11299991607666,6.994999885559082,7.11299991607666,21349106
1727247600,7.063000202178955,7.110000133514404,7.046999931335449,7.0980000495910645,14741750
1727334000,7.144000053405762,7.171999931335449,7.113999843597412,7.156000137329102,20018485
1727420400,7.124000072479248,7.2129998207092285,7.124000072479248,7.2129998207092285,21645867
1727679600,7.209000110626221,7.216000080108643,7.132999897003174,7.175000190734863,23404510
1727766000,7.171999931335449,7.257999897003174,7.1529998779296875,7.2210001945495605,21228979
1727852400,7.2170000076293945,7.2230000495910645,7.070000171661377,7.111999988555908,23908385
1727938800,7.0879998207092285,7.122000217437744,6.802999973297119,6.984000205993652,25362377
1728025200,6.954999923706055,7.010000228881836,6.855999946594238,6.954999923706055,25913483
1728284400,6.997000217437744,7.00600004196167,6.9019999504089355,6.940000057220459,18863238
1728370800,6.940000057220459,6.985000133514404,6.9019999504089355,6.9770002365112305,16314096
1728457200,6.995999813079834,7.038000106811523,6.961999893188477,7.000999927520752,12871918
1728543600,7.015999794006348,7.0269999504089355,6.960000038146973,6.98199987411499,14600174
1728630000,6.979000091552734,7.083000183105469,6.968999862670898,7.065999984741211,17228320
1728889200,7.086999893188477,7.186999797821045,7.074999809265137,7.176000118255615,18532780
1728975600,7.21999979019165,7.267000198364258,7.190999984741211,7.209000110626221,28112858
1729062000,7.210999965667725,7.309000015258789,7.203999996185303,7.284999847412109,22207008
1729148400,7.308000087738037,7.39300012588501,7.304999828338623,7.320000171661377,28884881
1729234800,7.297999858856201,7.331999778747559,7.236999988555908,7.331999778747559,25477762
1729494000,7.303999900817871,7.339000225067139,7.252999782562256,7.336999893188477,18089755
1729580400,7.302999973297119,7.313000202178955,7.1020002365112305,7.170000076293945,30839425
1729666800,7.156000137329102,7.199999809265137,7.144000053405762,7.177000045776367,15273206
1729753200,7.21999979019165,7.251999855041504,7.184999942779541,7.201000213623047,14347404
1729839600,7.178999900817871,7.208000183105469,7.15500020980835,7.188000202178955,14785982
1730102400,7.204999923706055,7.249000072479248,7.172999858856201,7.208000183105469,18568388
1730188800,7.25,7.265999794006348,7.125,7.138000011444092,15662760
1730275200,7.135000228881836,7.15500020980835,7.066999912261963,7.080999851226807,14907420
1730361600,7.031000137329102,7.053999900817871,6.934000015258789,6.96999979019165,27217003
1730448000,6.96999979019165,7.046000003814697,6.9670000076293945,7.01200008392334,12958544
1730707200,6.997000217437744,7.072000026702881,6.992000102996826,7.031000137329102,14928704
1730793600,7.044000148773193,7.057000160217285,6.998000144958496,6.998000144958496,13874324
1730880000,6.941999912261963,7.014999866485596,6.599999904632568,6.815000057220459,40133737
1730966400,6.730000019073486,6.802999973297119,6.6620001792907715,6.696000099182129,33964829
1731052800,6.696000099182129,6.72599983215332,6.650000095367432,6.677999973297119,22357282
1731312000,6.72599983215332,6.7779998779296875,6.7170000076293945,6.755000114440918,18340887
1731398400,6.699999809265137,6.702000141143799,6.591000080108643,6.591000080108643,25627202
1731484800,6.554999828338623,6.672999858856201,6.533999919891357,6.619999885559082,19277894
1731571200,6.63100004196167,6.7779998779296875,6.60099983215332,6.770999908447266,22197738
1731657600,6.730999946594238,6.801000118255615,6.730000019073486,6.788000106811523,19389834
1731916800,6.848999977111816,6.848999977111816,6.65500020980835,6.698999881744385,28414526
1732003200,6.710000038146973,6.72599983215332,6.557000160217285,6.64300012588501,30669422
1732089600,6.671000003814697,6.696000099182129,6.556000232696533,6.564000129699707,19185551
1732176000,6.579999923706055,6.617000102996826,6.526000022888184,6.579999923706055,18159481
1732262400,6.620999813079834,6.735000133514404,6.584000110626221,6.7230000495910645,29444368
1732521600,6.745999813079834,6.783999919891357,6.711999893188477,6.742000102996826,30909290
1732608000,6.73199987411499,6.764999866485596,6.671000003814697,6.711999893188477,20362985
1732694400,6.72599983215332,6.738999843597412,6.636000156402588,6.738999843597412,17524783
1732780800,6.748000144958496,6.789999961853027,6.715000152587891,6.769999980926514,17454173
1732867200,6.747000217437744,6.809999942779541,6.736999988555908,6.809999942779541,16318200
1733126400,6.796999931335449,6.90500020980835,6.763999938964844,6.830999851226807,20534775
1733212800,6.9029998779296875,6.960999965667725,6.881999969482422,6.9120001792907715,29788738
1733299200,6.889999866485596,6.945000171661377,6.886000156402588,6.942999839782715,21558129
1733385600,6.959000110626221,7.046999931335449,6.929999828338623,7.01200008392334,24541221
1733472000,7.01200008392334,7.065000057220459,6.974999904632568,6.986000061035156,18440621
1733731200,7.0,7.0289998054504395,6.914000034332275,6.922999858856201,18465514
1733817600,6.918000221252441,6.943999767303467,6.886000156402588,6.935999870300293,15843836
1733904000,6.941999912261963,6.984000205993652,6.909999847412109,6.918000221252441,16083747
1733990400,6.920000076293945,6.949999809265137,6.9070000648498535,6.908999919891357,13748305
1734076800,6.908999919891357,6.947000026702881,6.881999969482422,6.942999839782715,19123960
1734336000,6.96999979019165,7.047999858856201,6.947000026702881,7.019000053405762,30951573
1734422400,6.979000091552734,7.017000198364258,6.890999794006348,6.954999923706055,31783389
1734508800,6.928999900817871,6.96999979019165,6.874000072479248,6.915999889373779,19617430
1734595200,6.829999923706055,6.849999904632568,6.745999813079834,6.801000118255615,28673133
1734681600,6.765999794006348,6.809999942779541,6.730000019073486,6.806000232696533,42282150
1734940800,6.771999835968018,6.834000110626221,6.765999794006348,6.798999786376953,12730915
1735286400,6.798999786376953,6.8470001220703125,6.735000133514404,6.8470001220703125,15769973
1735545600,6.849999904632568,6.9070000648498535,6.836999893188477,6.886000156402588,14108427
1735804800,6.914999961853027,7.025000095367432,6.894999980926514,7.025000095367432,20470576
1735891200,7.019999980926514,7.065999984741211,6.995999813079834,7.013000011444092,20563889
1736150400,7.010000228881836,7.03000020980835,6.934000015258789,7.03000020980835,28800440
1736236800,7.005000114440918,7.044000148773193,6.945000171661377,6.99399995803833,22605915
1736323200,6.98799991607666,7.021999835968018,6.914999961853027,6.986999988555908,27163451
1736409600,6.959000110626221,7.063000202178955,6.954999923706055,7.0329999923706055,23555841
1736496000,7.035999774932861,7.065999984741211,6.936999797821045,6.96999979019165,32335685
1736755200,6.949999809265137,6.9710001945495605,6.874000072479248,6.885000228881836,29718320
1736841600,6.927999973297119,6.9679999351501465,6.9019999504089355,6.921000003814697,21878008
1736928000,6.958000183105469,7.065999984741211,6.945000171661377,7.048999786376953,31292735
1737014400,7.066999912261963,7.104000091552734,7.01200008392334,7.104000091552734,35577319
1737100800,7.129000186920166,7.196000099182129,7.120999813079834,7.156000137329102,54211885
1737360000,6.958000183105469,6.9679999351501465,6.7829999923706055,6.790999889373779,54381794
1737446400,6.771999835968018,6.796999931335449,6.73799991607666,6.793000221252441,20285293
1737532800,6.78000020980835,6.789000034332275,6.679999828338623,6.688000202178955,25473565
1737619200,6.690000057220459,6.716000080108643,6.638000011444092,6.668000221252441,21486420
1737705600,6.682000160217285,6.684000015258789,6.605999946594238,6.681000232696533,23509040
1737964800,6.685999870300293,6.85699987411499,6.685999870300293,6.758999824523926,35913349
1738051200,6.763000011444092,6.875,6.735000133514404,6.789999961853027,27180944
1738137600,6.789999961853027,6.815000057220459,6.72599983215332,6.769999980926514,22331622
1738224000,6.791999816894531,6.880000114440918,6.755000114440918,6.866000175476074,19727235
1738310400,6.888999938964844,6.900000095367432,6.8379998207092285,6.86899995803833,15313744
1738569600,6.821000099182129,6.910999774932861,6.816999912261963,6.886000156402588,27771206
1738656000,6.889999866485596,6.916999816894531,6.823999881744385,6.916999816894531,21821843
1738742400,6.915999889373779,6.9679999351501465,6.853000164031982,6.952000141143799,27632163
1738828800,6.932000160217285,6.964000225067139,6.874000072479248,6.892000198364258,23022315
1738915200,6.888999938964844,6.939000129699707,6.8460001945495605,6.894000053405762,20471831
1739174400,6.895999908447266,6.947999954223633,6.888000011444092,6.921000003814697,17674648
1739260800,6.936999797821045,6.960000038146973,6.869999885559082,6.869999885559082,19460973
1739347200,6.88700008392334,6.922999858856201,6.769999980926514,6.806000232696533,25333041
1739433600,6.849999904632568,6.933000087738037,6.816999912261963,6.909999847412109,24756597
1739520000,6.880000114440918,6.894000053405762,6.840000152587891,6.875999927520752,21720885
1739779200,6.840000152587891,6.876999855041504,6.823999881744385,6.834000110626221,15981323
1739865600,6.849999904632568,6.860000133514404,6.796999931335449,6.816999912261963,18972695
1739952000,6.809000015258789,6.921000003814697,6.809000015258789,6.824999809265137,21369280
1740038400,6.8520002365112305,6.85699987411499,6.781000137329102,6.795000076293945,16241434
1740124800,6.7820000648498535,6.8470001220703125,6.7779998779296875,6.8470001220703125,19635565
1740384000,6.872000217437744,6.952000141143799,6.855999946594238,6.940000057220459,24644216
1740470400,6.932000160217285,6.99399995803833,6.919000148773193,6.985000133514404,22419740
1740556800,6.995999813079834,7.039000034332275,6.961999893188477,6.992000102996826,24496578
1740643200,6.940000057220459,7.0,6.921000003814697,6.986999988555908,21313401
1740729600,7.0,7.064000129699707,6.9770002365112305,7.059000015258789,39649245
1740988800,7.050000190734863,7.052999973297119,6.914000034332275,6.985000133514404,24779705
1741075200,6.979000091552734,7.051000118255615,6.834000110626221,6.855999946594238,47851885
1741161600,6.800000190734863,6.8379998207092285,6.677999973297119,6.714000225067139,46455955
1741248000,6.642000198364258,6.671999931335449,6.521999835968018,6.651000022888184,42198258
1741334400,6.7129998207092285,6.794000148773193,6.6579999923706055,6.788000106811523,30673441
1741593600,6.789999961853027,6.98199987411499,6.784999847412109,6.940000057220459,39775003
1741680000,6.97599983215332,7.011000156402588,6.931000232696533,6.9629998207092285,31719339
1741766400,6.980999946594238,7.033999919891357,6.947999954223633,6.9679999351501465,23473316
1741852800,6.949999809265137,7.0,6.915999889373779,6.994999885559082,22162275
1741939200,7.01800012588501,7.039000034332275,6.901000022888184,7.039000034332275,33932388
1742198400,7.050000190734863,7.079999923706055,6.993000030517578,7.065999984741211,23823074
1742284800,7.093999862670898,7.098999977111816,7.044000148773193,7.076000213623047,26032677
1742371200,7.067999839782715,7.177999973297119,7.064000129699707,7.177999973297119,30157783
1742457600,7.192999839782715,7.260000228881836,7.166999816894531,7.249000072479248,41728279
1742544000,7.263000011444092,7.320000171661377,7.232999801635742,7.306000232696533,70227661
1742803200,7.310999870300293,7.328999996185303,7.197000026702881,7.208000183105469,59536769
1742889600,7.229000091552734,7.289999961853027,7.21999979019165,7.250999927520752,21638751
1742976000,7.297999858856201,7.308000087738037,7.236999988555908,7.2870001792907715,22401582
1743062400,7.264999866485596,7.439000129699707,7.264999866485596,7.370999813079834,48280106
1743148800,7.406000137329102,7.534999847412109,7.395999908447266,7.534999847412109,44121938
1743404400,7.559999942779541,7.618000030517578,7.458000183105469,7.497000217437744,42960018
1743490800,7.5,7.535999774932861,7.4679999351501465,7.517000198364258,26949379
1743577200,7.482999801635742,7.577000141143799,7.47599983215332,7.577000141143799,28957530
1743663600,7.624000072479248,7.815000057220459,7.559000015258789,7.783999919891357,58578711
1743750000,7.78000020980835,7.860000133514404,7.3460001945495605,7.420000076293945,86647499
1744009200,7.099999904632568,7.136000156402588,6.855999946594238,6.857999801635742,100213838
1744095600,6.9029998779296875,7.001999855041504,6.807000160217285,6.9629998207092285,50469385
1744182000,6.820000171661377,6.86899995803833,6.706999778747559,6.790999889373779,43915671
1744268400,7.021999835968018,7.090000152587891,6.913000106811523,6.9710001945495605,49643058
1744354800,7.040999889373779,7.070000171661377,6.958000183105469,6.99399995803833,36624514
1744614000,7.077000141143799,7.081999778747559,6.995999813079834,7.079999923706055,40518036
1744700400,7.0920000076293945,7.24399995803833,7.064000129699707,7.214000225067139,53924713
1744786800,7.260000228881836,7.304999828338623,7.230999946594238,7.293000221252441,26039001
1744873200,7.320000171661377,7.421000003814697,7.27400016784668,7.372000217437744,25067377
1745305200,7.385000228881836,7.513999938964844,7.375,7.497000217437744,21111165
1745391600,7.539999961853027,7.554999828338623,7.324999809265137,7.453999996185303,29991483
1745478000,7.460000038146973,7.513000011444092,7.414999961853027,7.5,18713414
1745564400,7.507999897003174,7.5320000648498535,7.446000099182129,7.53000020980835,18494501
1745823600,7.550000190734863,7.5920000076293945,7.502999782562256,7.550000190734863,20479943
1745910000,7.590000152587891,7.659999847412109,7.570000171661377,7.639999866485596,26103223
1745996400,7.659999847412109,7.699999809265137,7.585999965667725,7.644000053405762,34236868
1746169200,7.619999885559082,7.688000202178955,7.5929999351501465,7.676000118255615,28857118
1746428400,7.682000160217285,7.72599983215332,7.632999897003174,7.71999979019165,15688976
1746514800,7.736000061035156,7.757999897003174,7.695000171661377,7.696000099182129,21003721
1746601200,7.699999809265137,7.76200008392334,7.698999881744385,7.743000030517578,24193244
1746687600,7.695000171661377,7.698999881744385,7.561999797821045,7.583000183105469,36485925
1746774000,7.645999908447266,7.7779998779296875,7.624000072479248,7.739999771118164,27788815
1747033200,7.769999980926514,7.809999942779541,7.551000118255615,7.686999797821045,40278751
1747119600,7.675000190734863,7.757999897003174,7.6529998779296875,7.730000019073486,23018595
1747206000,7.690999984741211,7.76200008392334,7.64300012588501,7.74399995803833,23989821
1747292400,7.775000095367432,7.896999835968018,7.730000019073486,7.86899995803833,30904675
1747378800,7.922999858856201,7.973999977111816,7.909999847412109,7.955999851226807,26769761
1747638000,7.978000164031982,8.013999938964844,7.9019999504089355,8.013999938964844,20449110
1747724400,8.039999961853027,8.114999771118164,8.02400016784668,8.090999603271484,25036340
1747810800,8.114999771118164,8.14900016784668,8.041999816894531,8.081000328063965,19779565
1747897200,8.069999694824219,8.156999588012695,8.04800033569336,8.12399959564209,26424450
1747983600,8.152000427246094,8.154999732971191,8.015000343322754,8.079000473022461,29808627
1748242800,8.130999565124512,8.17199993133545,8.090999603271484,8.130000114440918,15363337
1748329200,8.119999885559082,8.149999618530273,8.057000160217285,8.069999694824219,16560060
1748415600,8.069999694824219,8.109999656677246,8.017999649047852,8.03499984741211,14890552
1748502000,8.010000228881836,8.062000274658203,7.949999809265137,8.026000022888184,16525565
1748588400,8.060999870300293,8.12399959564209,8.038999557495117,8.085000038146973,46872018
1748847600,8.071999549865723,8.107000350952148,8.034000396728516,8.076000213623047,13837188
1748934000,8.10200023651123,8.105999946594238,8.048999786376953,8.067000389099121,16591690
1749020400,8.097000122070312,8.097999572753906,8.005999565124512,8.07699966430664,14848811
1749106800,8.041000366210938,8.057999610900879,7.9770002365112305,8.012999534606934,17231913
1749193200,8.0,8.067000389099121,7.994999885559082,8.029999732971191,16244769
1749452400,8.038999557495117,8.041999816894531,7.913000106811523,7.940000057220459,19731369
1749538800,7.984000205993652,7.99399995803833,7.936999797821045,7.956999778747559,15023922
1749625200,7.940000057220459,7.9720001220703125,7.870999813079834,7.9720001220703125,16380022
1749711600,7.9629998207092285,8.029000282287598,7.934999942779541,8.024999618530273,16460517
1749798000,8.024999618530273,8.034000396728516,7.916999816894531,7.98199987411499,20928365
1750057200,7.982999801635742,7.992000102996826,7.933000087738037,7.985000133514404,18496690
1750143600,7.934999942779541,7.9720001220703125,7.894999980926514,7.9679999351501465,18080318
1750230000,7.979000091552734,8.005999565124512,7.943999767303467,7.959000110626221,12583441
1750316400,7.947999954223633,7.960999965667725,7.8979997634887695,7.949999809265137,12429909
1750402800,7.938000202178955,8.031000137329102,7.929999828338623,7.993000030517578,34195446
1750662000,7.952000141143799,8.093999862670898,7.942999839782715,8.086000442504883,19056416
1750748400,8.100000381469727,8.142999649047852,8.038000106811523,8.121999740600586,19314393
1750834800,8.114999771118164,8.126999855041504,8.027999877929688,8.03499984741211,15492117
1750921200,8.092000007629395,8.092000007629395,8.01200008392334,8.0600004196167,15549372
1751007600,8.071999549865723,8.088000297546387,8.029999732971191,8.0649995803833,16142092
1751266800,8.128000259399414,8.128000259399414,8.045999526977539,8.055999755859375,18895192
1751353200,8.109999656677246,8.251999855041504,8.07800006866455,8.241999626159668,30960313
1751439600,8.279999732971191,8.289999961853027,8.187000274658203,8.199999809265137,20767646
1751526000,8.170000076293945,8.1899995803833,8.116000175476074,8.15999984741211,18446229
1751612400,8.197999954223633,8.211999893188477,8.133000373840332,8.145000457763672,12708905
1751871600,8.157999992370605,8.164999961853027,8.085000038146973,8.085000038146973,17238064
1751958000,8.069999694824219,8.107000350952148,8.010000228881836,8.034000396728516,18794670
1752044400,8.069999694824219,8.128999710083008,8.043000221252441,8.119000434875488,17985097
1752130800,8.154000282287598,8.178999900817871,7.991000175476074,8.013999938964844,22562166
1752217200,8.010000228881836,8.039999961853027,7.951000213623047,7.986000061035156,15578672
1752476400,7.96999979019165,7.988999843597412,7.929999828338623,7.959000110626221,18729392
1752562800,7.992000102996826,7.998000144958496,7.89900016784668,7.900000095367432,21113101
1752649200,7.900000095367432,7.945000171661377,7.863999843597412,7.863999843597412,20844074
1752735600,7.88100004196167,7.921999931335449,7.809999942779541,7.888000011444092,18711563
1752822000,7.918000221252441,7.986999988555908,7.888000011444092,7.920000076293945,20786394
1753081200,7.697999954223633,7.7230000495910645,7.6539998054504395,7.711999893188477,26947883
1753167600,7.747000217437744,7.830999851226807,7.74399995803833,7.817999839782715,19659775
1753254000,7.807000160217285,7.875,7.734000205993652,7.734000205993652,26304860
1753340400,7.74399995803833,7.761000156402588,7.629000186920166,7.6620001792907715,23944627
1753426800,7.697999954223633,7.736999988555908,7.623000144958496,7.715000152587891,16159827
1753686000,7.75,7.760000228881836,7.683000087738037,7.699999809265137,15427202
1753772400,7.696000099182129,7.729000091552734,7.671000003814697,7.684000015258789,16896074
1753858800,7.71999979019165,7.763000011444092,7.663000106811523,7.763000011444092,17434748
1753945200,7.755000114440918,7.765999794006348,7.666999816894531,7.732999801635742,27093070
1754031600,7.619999885559082,7.760000228881836,7.574999809265137,7.690000057220459,36003356
1754290800,7.695000171661377,7.877999782562256,7.695000171661377,7.854000091552734,31380457
1754377200,7.880000114440918,7.895999908447266,7.7820000648498535,7.789999961853027,20100264
1754463600,7.795000076293945,7.855999946594238,7.789999961853027,7.814000129699707,14450221
1754550000,7.72599983215332,7.77400016784668,7.693999767303467,7.756999969482422,23230364
1754636400,7.78000020980835,7.873000144958496,7.78000020980835,7.7820000648498535,18711731
1754895600,7.802999973297119,7.8470001220703125,7.791999816894531,7.811999797821045,11056123
1754982000,7.840000152587891,7.894999980926514,7.833000183105469,7.8420000076293945,14313478
1755068400,7.885000228881836,7.959000110626221,7.873000144958496,7.943999767303467,18708406
1755154800,7.940000057220459,8.019000053405762,7.935999870300293,8.019000053405762,17948366
1755500400,8.031000137329102,8.095000267028809,7.979000091552734,7.979000091552734,15252281
1755586800,8.015000343322754,8.057000160217285,7.98799991607666,8.036999702453613,15019207
1755673200,8.0600004196167,8.11400032043457,8.041000366210938,8.097999572753906,15679255
1755759600,8.109999656677246,8.128000259399414,8.069999694824219,8.126999855041504,11445767
1755846000,8.086000442504883,8.187000274658203,8.086000442504883,8.112000465393066,13884044
1756105200,8.069999694824219,8.093000411987305,8.006999969482422,8.067000389099121,18647100
1756191600,8.069000244140625,8.081000328063965,8.01200008392334,8.01200008392334,22020957
1756278000,8.01200008392334,8.0600004196167,7.9629998207092285,7.98199987411499,15110850
1756364400,7.9720001220703125,8.012999534606934,7.939000129699707,7.9679999351501465,14891369
1756450800,7.928999900817871,7.960999965667725,7.883999824523926,7.883999824523926,19588011
1756710000,7.900000095367432,7.919000148773193,7.843999862670898,7.866000175476074,11774959
1756796400,7.830999851226807,7.8420000076293945,7.765999794006348,7.776000022888184,20250390
1756882800,7.789999961853027,7.830999851226807,7.763999938964844,7.815000057220459,15266354
1756969200,7.821000099182129,7.919000148773193,7.815000057220459,7.848999977111816,17089145
1757055600,7.86299991607666,7.875999927520752,7.815000057220459,7.841000080108643,16660727
1757314800,7.8420000076293945,7.859000205993652,7.803999900817871,7.811999797821045,10931692
1757401200,7.826000213623047,7.84499979019165,7.743000030517578,7.760000228881836,22753080
1757487600,7.784999847412109,7.817999839782715,7.763000011444092,7.817999839782715,12809393
1757574000,7.820000171661377,7.8520002365112305,7.793000221252441,7.817999839782715,11878369
1757660400,7.820000171661377,7.863999843597412,7.798999786376953,7.859000205993652,17421345
1757919600,7.875,7.929999828338623,7.853000164031982,7.920000076293945,14486209
1758006000,7.916999816894531,7.927000045776367,7.807000160217285,7.826000213623047,20078244
1758092400,7.802000045776367,7.841000080108643,7.7870001792907715,7.796000003814697,17368517
1758178800,7.797999858856201,7.820000171661377,7.7270002365112305,7.748000144958496,24797083
1758265200,7.710000038146973,7.793000221252441,7.693999767303467,7.75600004196167,44987611
1758524400,7.756999969482422,7.855000019073486,7.745999813079834,7.8470001220703125,15948005
1758610800,7.886000156402588,7.910999774932861,7.85099983215332,7.863999843597412,13551281
1758697200,7.886000156402588,7.9710001945495605,7.86899995803833,7.960000038146973,19940495
1758783600,7.960999965667725,8.001999855041504,7.933000087738037,7.956999778747559,13355660
1758870000,7.984000205993652,8.02299976348877,7.966000080108643,7.973999977111816,16610660
1759129200,8.015999794006348,8.019000053405762,7.923999786376953,7.98199987411499,12279098
1759215600,7.980000019073486,8.074000358581543,7.934000015258789,8.065999984741211,18757228
1759302000,8.083000183105469,8.14900016784668,8.053999900817871,8.14900016784668,22697974
1759388400,8.121999740600586,8.156999588012695,8.071999549865723,8.156999588012695,17486609
1759474800,8.1899995803833,8.227999687194824,8.156999588012695,8.208000183105469,19310762
1759734000,8.201000213623047,8.201000213623047,8.116000175476074,8.194000244140625,16597121
1759820400,8.168999671936035,8.178999900817871,8.107000350952148,8.166999816894531,14804396
1759906800,8.196000099182129,8.25,8.182000160217285,8.225000381469727,24147597
1759993200,8.23900032043457,8.303999900817871,8.196000099182129,8.263999938964844,21990196
1760079600,8.354999542236328,8.42199993133545,8.302000045776367,8.326000213623047,22070422
1760338800,8.33899974822998,8.366999626159668,8.29699993133545,8.348999977111816,14838732
1760425200,8.354999542236328,8.479999542236328,8.335000038146973,8.446000099182129,23406144
1760511600,8.449000358581543,8.472000122070312,8.366000175476074,8.437000274658203,14701165
1760598000,8.472999572753906,8.538999557495117,8.425000190734863,8.538999557495117,15102234
1760684400,8.541999816894531,8.560999870300293,8.430000305175781,8.517999649047852,21916971
1760943600,8.529000282287598,8.609999656677246,8.503999710083008,8.54800033569336,16196299
1761030000,8.555000305175781,8.619000434875488,8.550999641418457,8.5649995803833,11256686
1761116400,8.590999603271484,8.619000434875488,8.434000015258789,8.480999946594238,17263977
1761202800,8.46399974822998,8.52299976348877,8.442000389099121,8.522000312805176,11736065
1761289200,8.508999824523926,8.517999649047852,8.40999984741211,8.48799991607666,13293814
1761552000,8.479999542236328,8.5649995803833,8.432000160217285,8.555999755859375,19589983
1761638400,8.600000381469727,8.664999961853027,8.541999816894531,8.664999961853027,16689995
1761724800,8.62600040435791,8.718000411987305,8.604000091552734,8.710000038146973,16061190
1761811200,8.680000305175781,8.795999526977539,8.668000221252441,8.795999526977539,16741829
1761897600,8.800000190734863,8.824999809265137,8.74899959564209,8.772000312805176,18613286
1762156800,8.762999534606934,8.814000129699707,8.737000465393066,8.814000129699707,10863888
1762243200,8.803999900817871,8.961999893188477,8.720999717712402,8.956999778747559,20683972
1762329600,8.942999839782715,8.963000297546387,8.890999794006348,8.935999870300293,16203200
1762416000,8.979999542236328,8.979999542236328,8.862000465393066,8.892000198364258,16462950
1762502400,8.87600040435791,8.906000137329102,8.802000045776367,8.86400032043457,14011903
1762761600,8.880000114440918,8.92199993133545,8.819999694824219,8.902999877929688,15985666
1762848000,8.949999809265137,8.982000350952148,8.880999565124512,8.954999923706055,15674825
1762934400,8.987000465393066,9.0,8.883000373840332,8.937999725341797,22453349
1763020800,8.944999694824219,8.98799991607666,8.930000305175781,8.956000328063965,16149815
1763107200,8.880000114440918,9.111000061035156,8.875,8.979000091552734,27129771
1763366400,9.0,9.104000091552734,8.958000183105469,9.081999778747559,19357508
1763452800,9.031000137329102,9.079999923706055,8.979000091552734,9.005000114440918,20482894
1763539200,8.946000099182129,8.946000099182129,8.732000350952148,8.732000350952148,24135087
1763625600,8.732000350952148,8.843000411987305,8.732000350952148,8.788999557495117,19154911
1763712000,8.782999992370605,8.880000114440918,8.767999649047852,8.784000396728516,21733133
1763971200,8.821999549865723,8.883000373840332,8.729000091552734,8.859999656677246,40599784
1764057600,8.86299991607666,8.869000434875488,8.758000373840332,8.777000427246094,20401456
1764144000,8.765999794006348,8.859999656677246,8.753999710083008,8.829999923706055,17711380
1764230400,8.859999656677246,8.906999588012695,8.857000350952148,8.899999618530273,10788825
1764316800,8.89799976348877,8.918000221252441,8.854000091552734,8.907999992370605,13750588
1764576000,8.899999618530273,8.930000305175781,8.86299991607666,8.909000396728516,15283298
1764662400,8.927000045776367,9.005999565124512,8.918000221252441,8.95300006866455,15554660
1764748800,8.885000228881836,8.91100025177002,8.831000328063965,8.843000411987305,25725271
1764835200,8.843000411987305,8.855999946594238,8.812000274658203,8.821999549865723,18177404
1764921600,8.809000015258789,8.824999809265137,8.743000030517578,8.77299976348877,16545060
1765180800,8.729999542236328,8.805999755859375,8.72700023651123,8.76200008392334,14252907
1765267200,8.779000282287598,8.779000282287598,8.71500015258789,8.720999717712402,15273488
1765353600,8.710000038146973,8.718999862670898,8.654000282287598,8.680999755859375,20289800
1765440000,8.649999618530273,8.743000030517578,8.623000144958496,8.71500015258789,16531901
1765526400,8.699999809265137,8.774999618530273,8.694999694824219,8.720000267028809,16103269
1765785600,8.8100004196167,8.87600040435791,8.769000053405762,8.86400032043457,22004623
1765872000,8.902000427246094,8.928999900817871,8.777999877929688,8.777999877929688,25931038
1765958400,8.78600025177002,8.817000389099121,8.604999542236328,8.621000289916992,27474664
1766044800,8.623000144958496,8.668999671936035,8.583999633789062,8.621999740600586,24083780
1766131200,8.592000007629395,8.746000289916992,8.592000007629395,8.73799991607666,47979782
1766390400,8.666999816894531,8.715999603271484,8.630000114440918,8.70300006866455,14530220
1766476800,8.729999542236328,8.769000053405762,8.70300006866455,8.769000053405762,11087509
1766995200,8.770000457763672,8.824999809265137,8.74899959564209,8.814000129699707,12565435
1767081600,8.78600025177002,8.876999855041504,8.776000022888184,8.876999855041504,15277527
1767340800,8.843000411987305,9.029999732971191,8.829000473022461,9.0,20247764
1767600000,9.029999732971191,9.114999771118164,8.925000190734863,9.0649995803833,28008173
1767686400,9.067000389099121,9.236000061035156,9.03600025177002,9.199999809265137,22552947
1767772800,9.284000396728516,9.418999671936035,9.246999740600586,9.270000457763672,26814455
1767859200,9.199999809265137,9.312999725341797,9.199999809265137,9.270999908447266,15586409
1767945600,9.25,9.300000190734863,9.222000122070312,9.251999855041504,19016402
1768204800,9.251999855041504,9.298999786376953,9.197999954223633,9.27299976348877,17054571
1768291200,9.281000137329102,9.302000045776367,9.142000198364258,9.170000076293945,23325876
1768377600,9.206999778747559,9.354000091552734,9.20199966430664,9.321000099182129,28846361
1768464000,9.350000381469727,9.357999801635742,9.260000228881836,9.295000076293945,24064728
1768550400,9.3100004196167,9.404999732971191,9.289999961853027,9.404999732971191,28063400
1768809600,9.199999809265137,9.218000411987305,9.0600004196167,9.0600004196167,22056619
1768896000,9.039999961853027,9.04699993133545,8.880000114440918,8.937000274658203,22750252
1768982400,8.890000343322754,8.95199966430664,8.812000274658203,8.838000297546387,20241704
1769068800,8.923999786376953,9.092000007629395,8.92199993133545,9.032999992370605,25371170
1769155200,9.001999855041504,9.02400016784668,8.954999923706055,9.017000198364258,14479922
1769414400,9.098999977111816,9.142000198364258,9.017000198364258,9.11400032043457,13867217
1769500800,9.133999824523926,9.251999855041504,9.064000129699707,9.251999855041504,21600118
1769587200,9.199999809265137,9.270000457763672,9.11400032043457,9.22700023651123,16758634
1769673600,9.229000091552734,9.319000244140625,9.180999755859375,9.25,19895686
1769760000,9.218999862670898,9.36400032043457,9.218999862670898,9.307999610900879,21760180
1770019200,9.28499984741211,9.446499824523926,9.28499984741211,9.317999839782715,18531906
1770105600,9.350000381469727,9.40999984741211,9.29699993133545,9.40999984741211,17115488
1770192000,9.437999725341797,9.595999717712402,9.402000427246094,9.529000282287598,27737760
1770278400,9.486000061035156,9.52299976348877,9.381999969482422,9.486000061035156,21699940
1770364800,9.458000183105469,9.543999671936035,9.439000129699707,9.477999687194824,18392916
1770624000,9.458000183105469,9.494999885559082,9.343999862670898,9.494999885559082,20581581
1770710400,9.470000267028809,9.586000442504883,9.4350004196167,9.585000038146973,16371220
1770796800,9.600000381469727,9.760000228881836,9.562000274658203,9.75100040435791,24976201
1770883200,9.760000228881836,9.760000228881836,9.279999732971191,9.583999633789062,43510264
1770969600,9.619999885559082,9.633999824523926,9.227999687194824,9.305999755859375,38481656
